n,case,strategy,smoother,transfer,coarsening,converged,iterations,relative_residual,asymptotic_contraction,elapsed_seconds,setup_seconds,solve_seconds,work_units,safety_work_units,nn_calls,transfer_nn_calls,smoother_nn_calls,detector_nn_calls,selector_nn_calls,nn_seconds,matvec_count,true_residual_points,mean_gate,fallback_count,selected_strategy,hierarchy_rebuilds,active_patch_fraction,active_cell_fraction,alpha_count,alpha_mean,alpha_median,alpha_p10,alpha_p90,alpha_zero_fraction,alpha_active_fraction,relative_solution_error
31,poisson,jacobi_bilinear_full,jacobi,bilinear,full,False,12,1.7250706051646474e-07,0.4042007492739714,0.04193284700068034,0.03057052200074395,0.01136232499993639,86.0100405896176,0.0,0,0,0,0,0,0.0,121,13,0.0,0,jacobi_bilinear_full,0,0.0,0.0,0,,,,,,0.0,1.6634046352477746e-09
31,poisson,line_x_bilinear_full,line_x,bilinear,full,False,12,2.6258994182682417e-09,0.2057746828426958,0.11031003499920189,0.007109261999175942,0.10320077300002595,133.46143986327706,0.0,0,0,0,0,0,0.0,121,13,0.0,0,line_x_bilinear_full,0,0.0,0.0,0,,,,,,0.0,2.0822053307825537e-10
31,poisson,line_y_bilinear_full,line_y,bilinear,full,False,12,2.62589870413201e-09,0.20577467166034719,0.09679942599905189,0.012532985999314405,0.08426643999973749,133.46143986327706,0.0,0,0,0,0,0,0.0,121,13,0.0,0,line_y_bilinear_full,0,0.0,0.0,0,,,,,,0.0,2.0822012154350506e-10
31,poisson,line_alt_bilinear_full,line_alt,bilinear,full,False,12,2.1163656181741804e-12,0.10279762513485437,0.17597221399955743,0.008220787999562162,0.16775142599999526,187.24481948301644,0.0,0,0,0,0,0,0.0,121,13,0.0,0,line_alt_bilinear_full,0,0.0,0.0,0,,,,,,0.0,1.381979985770435e-12
31,poisson,jacobi_operator_full,jacobi,operator,full,False,12,4.93964259487788e-07,0.37969829079802053,0.037851435000447964,0.02649775200006843,0.011353683000379533,131.09271523178808,0.0,0,0,0,0,0,0.0,121,13,0.0,0,jacobi_operator_full,0,0.0,0.0,0,,,,,,0.0,5.129227633272892e-09
31,poisson,line_alt_operator_full,line_alt,operator,full,False,12,1.2593562902471498e-11,0.13130497382407233,0.19253447399933066,0.022222514999157283,0.17031195900017337,277.8972441785943,0.0,0,0,0,0,0,0.0,121,13,0.0,0,line_alt_operator_full,0,0.0,0.0,0,,,,,,0.0,1.5723509889317133e-12
31,poisson,line_x_operator_semi_y,line_x,operator,semi_y,False,12,1.2415230317303172e-08,0.21024808279070029,0.19461822099947312,0.07440271199993731,0.12021550899953581,541.2332834864345,0.0,0,0,0,0,0,0.0,229,13,0.0,0,line_x_operator_semi_y,0,0.0,0.0,0,,,,,,0.0,4.185001216733118e-09
31,poisson,line_y_operator_semi_x,line_y,operator,semi_x,False,12,1.2415372217645344e-08,0.21024826788017573,0.21195490799982508,0.06843480699990323,0.14352010099992185,531.220038453322,0.0,0,0,0,0,0,0.0,229,13,0.0,0,line_y_operator_semi_x,0,0.0,0.0,0,,,,,,0.0,4.185066745827832e-09
31,poisson,line_alt_operator_alternating,line_alt,operator,alternating,False,12,1.8522607363877725e-12,0.11969423777633463,0.36040189300092607,0.05815955100024439,0.3022423420006817,844.2095706045717,0.0,0,0,0,0,0,0.0,229,13,0.0,0,line_alt_operator_alternating,0,0.0,0.0,0,,,,,,0.0,1.1937378174000787e-13
31,aligned_anisotropy,jacobi_bilinear_full,jacobi,bilinear,full,False,12,0.009661514964744392,0.9253752063949338,0.017027267000230495,0.006865704999654554,0.010161562000575941,86.0100405896176,0.0,0,0,0,0,0,0.0,121,13,0.0,0,jacobi_bilinear_full,0,0.0,0.0,0,,,,,,0.0,0.008525218958724124
31,aligned_anisotropy,line_x_bilinear_full,line_x,bilinear,full,False,12,9.574275099205757e-15,0.012505881885719102,0.08788064999953349,0.00661197999943397,0.08126867000009952,133.46143986327706,0.0,0,0,0,0,0,0.0,121,13,0.0,0,line_x_bilinear_full,0,0.0,0.0,0,,,,,,0.0,9.264949418075806e-16
31,aligned_anisotropy,line_y_bilinear_full,line_y,bilinear,full,False,12,0.00678603977801998,0.9159496938305852,0.08859789000052842,0.006985282000641746,0.08161260799988668,133.46143986327706,0.0,0,0,0,0,0,0.0,121,13,0.0,0,line_y_bilinear_full,0,0.0,0.0,0,,,,,,0.0,0.0038230562103544596
31,aligned_anisotropy,line_alt_bilinear_full,line_alt,bilinear,full,False,12,1.0476629295241841e-14,0.01240782378598838,0.15782484600003954,0.0068604849993789685,0.15096436100066057,187.24481948301644,0.0,0,0,0,0,0,0.0,121,13,0.0,0,line_alt_bilinear_full,0,0.0,0.0,0,,,,,,0.0,7.935619737169746e-16
31,aligned_anisotropy,jacobi_operator_full,jacobi,operator,full,False,12,0.19918566002384241,0.857659896380667,0.03290964499956317,0.022582300999602012,0.010327343999961158,117.5110019226661,0.0,0,0,0,0,0,0.0,121,13,0.0,0,jacobi_operator_full,0,0.0,0.0,0,,,,,,0.0,0.13676690646525594
31,aligned_anisotropy,line_alt_operator_full,line_alt,operator,full,False,12,1.1356141731971506e-14,0.01248128032668366,0.19582212000022992,0.02583083599984093,0.169991284000389,248.9444563127537,0.0,0,0,0,0,0,0.0,121,13,0.0,0,line_alt_operator_full,0,0.0,0.0,0,,,,,,0.0,8.053640638780248e-16
31,aligned_anisotropy,line_x_operator_semi_y,line_x,operator,semi_y,False,12,1.1495523467710779e-14,0.012561788913137199,0.1644746349993511,0.04966776199944434,0.11480687299990677,755.6951506088443,0.0,0,0,0,0,0,0.0,229,13,0.0,0,line_x_operator_semi_y,0,0.0,0.0,0,,,,,,0.0,8.412331084112539e-16
31,aligned_anisotropy,line_y_operator_semi_x,line_y,operator,semi_x,False,12,1.6510811389896102e-08,0.317883831847443,0.1933031940006913,0.049381968000488996,0.1439212260002023,815.5336466566973,0.0,0,0,0,0,0,0.0,229,13,0.0,0,line_y_operator_semi_x,0,0.0,0.0,0,,,,,,0.0,8.142724713900475e-09
31,aligned_anisotropy,line_alt_operator_alternating,line_alt,operator,alternating,False,12,1.0724503244617426e-14,0.00029720336733124664,0.3558598270001312,0.050105164000342484,0.3057546629997887,1154.9431745353556,0.0,0,0,0,0,0,0.0,229,13,0.0,0,line_alt_operator_alternating,0,0.0,0.0,0,,,,,,0.0,6.748835693715947e-16
31,rotated_anisotropy,jacobi_bilinear_full,jacobi,bilinear,full,False,12,0.0005658097481035755,0.7893709274345428,0.01676641300036863,0.007033124999907159,0.00973328800046147,75.7310600216016,0.0,0,0,0,0,0,0.0,121,13,0.0,0,jacobi_bilinear_full,0,0.0,0.0,0,,,,,,0.0,0.0005285989612105014
31,rotated_anisotropy,line_x_bilinear_full,line_x,bilinear,full,False,12,0.0029574250132407766,0.9387662236113705,0.11544250400038436,0.006671705999906408,0.10877079800047795,116.66918685388057,0.0,0,0,0,0,0,0.0,121,13,0.0,0,line_x_bilinear_full,0,0.0,0.0,0,,,,,,0.0,0.001731877068653989
31,rotated_anisotropy,line_y_bilinear_full,line_y,bilinear,full,False,12,0.002957425013239112,0.938766223611268,0.10548695800025598,0.008413821999965876,0.0970731360002901,116.66918685388057,0.0,0,0,0,0,0,0.0,121,13,0.0,0,line_y_bilinear_full,0,0.0,0.0,0,,,,,,0.0,0.0017318770686539952
31,rotated_anisotropy,line_alt_bilinear_full,line_alt,bilinear,full,False,12,0.0024362854092644316,0.8599439642437914,0.1765881179999269,0.008013628000298922,0.16857448999962799,162.18068199351953,0.0,0,0,0,0,0,0.0,121,13,0.0,0,line_alt_bilinear_full,0,0.0,0.0,0,,,,,,0.0,0.0012078961569794763
31,rotated_anisotropy,jacobi_operator_full,jacobi,operator,full,False,12,0.04629473125893602,0.7958151443458031,0.03505798600053822,0.024194528000407445,0.010863458000130777,144.8241012189477,0.0,0,0,0,0,0,0.0,121,13,0.0,0,jacobi_operator_full,0,0.0,0.0,0,,,,,,0.0,0.041527583993561344
31,rotated_anisotropy,line_alt_operator_full,line_alt,operator,full,False,12,0.010725189931975907,0.8566465637530274,0.1821425170001021,0.0239328289999321,0.15820968800017,310.6762845239932,0.0,0,0,0,0,0,0.0,121,13,0.0,0,line_alt_operator_full,0,0.0,0.0,0,,,,,,0.0,0.007376214987966597
31,rotated_anisotropy,line_x_operator_semi_y,line_x,operator,semi_y,False,12,0.0033652938300531574,0.7954861456572234,0.15594496199901187,0.04518502699920646,0.11075993499980541,337.30365684307975,0.0,0,0,0,0,0,0.0,229,13,0.0,0,line_x_operator_semi_y,0,0.0,0.0,0,,,,,,0.0,0.0018599103378328173
31,rotated_anisotropy,line_y_operator_semi_x,line_y,operator,semi_x,False,12,0.0033652938300531366,0.7954861456572249,0.15494722600033128,0.0425013289996059,0.11244589700072538,343.1212775806203,0.0,0,0,0,0,0,0.0,229,13,0.0,0,line_y_operator_semi_x,0,0.0,0.0,0,,,,,,0.0,0.0018599103378328324
31,rotated_anisotropy,line_alt_operator_alternating,line_alt,operator,alternating,False,12,0.003603017198215391,0.8522436724395172,0.3587511249997988,0.04718078899986722,0.31157033599993156,560.6210461348558,0.0,0,0,0,0,0,0.0,229,13,0.0,0,line_alt_operator_alternating,0,0.0,0.0,0,,,,,,0.0,0.001976221185013809
31,local_patch,jacobi_bilinear_full,jacobi,bilinear,full,False,12,0.002552845343964853,0.902038573084512,0.015463606999219337,0.0063391999992745696,0.009124406999944767,83.17715525744723,0.0,0,0,0,0,0,0.0,121,13,0.0,0,jacobi_bilinear_full,0,0.0,0.0,0,,,,,,0.0,0.05280245032025631
31,local_patch,line_x_bilinear_full,line_x,bilinear,full,False,12,0.0022142988261134003,0.8601381885735719,0.1127644109992616,0.006216795000000275,0.10654761599926132,128.83349773130794,0.0,0,0,0,0,0,0.0,121,13,0.0,0,line_x_bilinear_full,0,0.0,0.0,0,,,,,,0.0,0.049615497979108275
31,local_patch,line_y_bilinear_full,line_y,bilinear,full,False,12,0.0022142988261126565,0.8601381885734916,0.0975829179997163,0.008189395999579574,0.08939352200013673,128.83349773130794,0.0,0,0,0,0,0,0.0,121,13,0.0,0,line_y_bilinear_full,0,0.0,0.0,0,,,,,,0.0,0.049615497978967284
31,local_patch,line_alt_bilinear_full,line_alt,bilinear,full,False,12,0.001276741096694185,0.9038874197873522,0.17636060999939218,0.0072364449997621705,0.16912416499963,180.33714736634445,0.0,0,0,0,0,0,0.0,121,13,0.0,0,line_alt_bilinear_full,0,0.0,0.0,0,,,,,,0.0,0.03740882122436946
31,local_patch,jacobi_operator_full,jacobi,operator,full,False,12,0.0020764398801705808,0.9171703329882586,0.03406170400012343,0.023189276999801223,0.010872427000322205,142.8812389031367,0.0,0,0,0,0,0,0.0,121,13,0.0,0,jacobi_operator_full,0,0.0,0.0,0,,,,,,0.0,0.010461532077300354
31,local_patch,line_alt_operator_full,line_alt,operator,full,False,12,0.0009983006836710234,0.9286565159763337,0.1911311839994596,0.023037531999761995,0.1680936519996976,305.47425527717496,0.0,0,0,0,0,0,0.0,121,13,0.0,0,line_alt_operator_full,0,0.0,0.0,0,,,,,,0.0,0.00379642955689927
31,local_patch,line_x_operator_semi_y,line_x,operator,semi_y,False,12,0.0012547644658178296,0.9201593884500847,0.16655113700016955,0.056952183000248624,0.10959895399992092,509.7251923456303,0.0,0,0,0,0,0,0.0,229,13,0.0,0,line_x_operator_semi_y,0,0.0,0.0,0,,,,,,0.0,0.01692697632429574
31,local_patch,line_y_operator_semi_x,line_y,operator,semi_x,False,12,0.001254764465817913,0.9201593884500512,0.18277822399977595,0.07173872699968342,0.11103949700009252,538.9996054448609,0.0,0,0,0,0,0,0.0,229,13,0.0,0,line_y_operator_semi_x,0,0.0,0.0,0,,,,,,0.0,0.016926976324306536
31,local_patch,line_alt_operator_alternating,line_alt,operator,alternating,False,12,0.00031674839584565123,0.8558086353993503,0.3353667820001647,0.05046875900006853,0.28489802300009615,832.2598145590846,0.0,0,0,0,0,0,0.0,229,13,0.0,0,line_alt_operator_alternating,0,0.0,0.0,0,,,,,,0.0,0.000902946871005441
31,checkerboard,jacobi_bilinear_full,jacobi,bilinear,full,False,12,0.01154084488789714,0.7068063757546725,0.017956369999410526,0.007175510999331891,0.010780859000078635,80.04174879053933,0.0,0,0,0,0,0,0.0,121,13,0.0,0,jacobi_bilinear_full,0,0.0,0.0,0,,,,,,0.0,0.0666304543757726
31,checkerboard,line_x_bilinear_full,line_x,bilinear,full,False,12,0.00739974095905584,0.8625304072225595,0.09489743300036935,0.007167742000092403,0.08772969100027694,123.71134205339546,0.0,0,0,0,0,0,0.0,121,13,0.0,0,line_x_bilinear_full,0,0.0,0.0,0,,,,,,0.0,0.07963479256542283
31,checkerboard,line_y_bilinear_full,line_y,bilinear,full,False,12,0.005234383037325268,0.8664739071536938,0.09668690399939806,0.008339056999830063,0.08834784699956799,123.71134205339546,0.0,0,0,0,0,0,0.0,121,13,0.0,0,line_y_bilinear_full,0,0.0,0.0,0,,,,,,0.0,0.05275609510933934
31,checkerboard,line_alt_bilinear_full,line_alt,bilinear,full,False,12,0.003140232684167544,0.8594864155034788,0.1590259850008806,0.0067475810001269565,0.15227840400075365,172.69181150331482,0.0,0,0,0,0,0,0.0,121,13,0.0,0,line_alt_bilinear_full,0,0.0,0.0,0,,,,,,0.0,0.04518318683056256
31,checkerboard,jacobi_operator_full,jacobi,operator,full,False,12,0.013231115408340703,0.7400116366195159,0.03684542000064539,0.025488356000096246,0.011357064000549144,175.59881741623366,0.0,0,0,0,0,0,0.0,121,13,0.0,0,jacobi_operator_full,0,0.0,0.0,0,,,,,,0.0,0.015434866336148798
31,checkerboard,line_alt_operator_full,line_alt,operator,full,False,12,0.000663690132817017,0.7275376451743621,0.1888730869995925,0.029379298000094423,0.15949378899949807,370.7423400824225,0.0,0,0,0,0,0,0.0,121,13,0.0,0,line_alt_operator_full,0,0.0,0.0,0,,,,,,0.0,0.006356655554567673
31,checkerboard,line_x_operator_semi_y,line_x,operator,semi_y,False,12,0.0023528216971968777,0.787689884594575,0.18206945499969152,0.05701256999964244,0.12505688500004908,552.8322881204085,0.0,0,0,0,0,0,0.0,229,13,0.0,0,line_x_operator_semi_y,0,0.0,0.0,0,,,,,,0.0,0.02361206478546954
31,checkerboard,line_y_operator_semi_x,line_y,operator,semi_x,False,12,0.0007845748281237141,0.7082220160905425,0.16161234899936971,0.054377622999709274,0.10723472599966044,583.0763304067372,0.0,0,0,0,0,0,0.0,229,13,0.0,0,line_y_operator_semi_x,0,0.0,0.0,0,,,,,,0.0,0.0026861094669185554
31,checkerboard,line_alt_operator_alternating,line_alt,operator,alternating,False,12,2.7040375443897454e-06,0.42969338463905227,0.327651280000282,0.05264823499965132,0.27500304500063066,922.839096936033,0.0,0,0,0,0,0,0.0,229,13,0.0,0,line_alt_operator_alternating,0,0.0,0.0,0,,,,,,0.0,1.1203970941265457e-05
31,channel,jacobi_bilinear_full,jacobi,bilinear,full,False,12,0.004532083749532491,0.9458766094251606,0.01742547400044714,0.0073216910004703095,0.01010378299997683,83.86496276916884,0.0,0,0,0,0,0,0.0,121,13,0.0,0,jacobi_bilinear_full,0,0.0,0.0,0,,,,,,0.0,0.006278731348042735
31,channel,line_x_bilinear_full,line_x,bilinear,full,False,12,0.009761822944671802,0.9380441852250917,0.0886787439994805,0.006858132999695954,0.08182061099978455,129.9571342322399,0.0,0,0,0,0,0,0.0,121,13,0.0,0,line_x_bilinear_full,0,0.0,0.0,0,,,,,,0.0,0.006955766056725621
31,channel,line_y_bilinear_full,line_y,bilinear,full,False,12,0.009761822944669925,0.9380441852250563,0.09126887899947178,0.007044412000141165,0.08422446699933062,129.9571342322399,0.0,0,0,0,0,0,0.0,121,13,0.0,0,line_y_bilinear_full,0,0.0,0.0,0,,,,,,0.0,0.0069557660567256775
31,channel,line_alt_bilinear_full,line_alt,bilinear,full,False,12,0.007821935451263714,0.9125695021294016,0.1536552670004312,0.0069664370003010845,0.1466888300001301,182.01428858925337,0.0,0,0,0,0,0,0.0,121,13,0.0,0,line_alt_bilinear_full,0,0.0,0.0,0,,,,,,0.0,0.005500231249939952
31,channel,jacobi_operator_full,jacobi,operator,full,False,12,0.044641574427543095,0.8227532235225815,0.035224498999923526,0.02413725499991415,0.011087244000009377,136.26504326826324,0.0,0,0,0,0,0,0.0,121,13,0.0,0,jacobi_operator_full,0,0.0,0.0,0,,,,,,0.0,0.019584902831068222
31,channel,line_alt_operator_full,line_alt,operator,full,False,12,0.01084920760921589,0.8752284265200719,0.190020564000406,0.02394623899999715,0.16607432500040886,290.72187562889917,0.0,0,0,0,0,0,0.0,121,13,0.0,0,line_alt_operator_full,0,0.0,0.0,0,,,,,,0.0,0.005239105960369304
31,channel,line_x_operator_semi_y,line_x,operator,semi_y,False,12,0.008782412510962359,0.8264320363307336,0.16437996500008012,0.04896317800012184,0.11541678699995828,569.2044676997384,0.0,0,0,0,0,0,0.0,229,13,0.0,0,line_x_operator_semi_y,0,0.0,0.0,0,,,,,,0.0,0.004687044169302049
31,channel,line_y_operator_semi_x,line_y,operator,semi_x,False,12,0.00878241251096063,0.8264320363307083,0.16112708899981953,0.04659479099973396,0.11453229800008558,531.2507546790099,0.0,0,0,0,0,0,0.0,229,13,0.0,0,line_y_operator_semi_x,0,0.0,0.0,0,,,,,,0.0,0.00468704416930211
31,channel,line_alt_operator_alternating,line_alt,operator,alternating,False,12,0.0037372407109719724,0.8435987939058712,0.33206167800017283,0.05303866400026891,0.2790230139999039,809.450794928557,0.0,0,0,0,0,0,0.0,229,13,0.0,0,line_alt_operator_alternating,0,0.0,0.0,0,,,,,,0.0,0.001215125944296197
