n,case,mode,safety_profile,strategy,converged,iterations,relative_residual,asymptotic_contraction,elapsed_seconds,setup_seconds,solve_seconds,work_units,safety_work_units,nn_calls,transfer_nn_calls,smoother_nn_calls,detector_nn_calls,selector_nn_calls,nn_seconds,matvec_count,true_residual_points,mean_gate,fallback_count,selected_strategy,hierarchy_rebuilds,active_patch_fraction,active_cell_fraction,alpha_count,alpha_mean,alpha_median,alpha_p10,alpha_p90,alpha_zero_fraction,alpha_active_fraction,relative_solution_error
15,rotated_anisotropy,classical,raw,jacobi_bilinear_full,False,3,0.016562696177987217,0.2549042120196497,0.013638464999530697,0.010916985999756434,0.0027214789997742628,19.008236101578586,0.0,0,0,0,0,0,0.0,22,4,0.0,0,jacobi_bilinear_full,0,0.0,0.0,0,,,,,,0.0,0.005492524086672689
15,rotated_anisotropy,nn_smoother,raw,jacobi_bilinear_full,False,3,0.029591404649839018,0.3093061298300416,0.053115863999664725,0.004228221999255766,0.04888764200040896,19.008236101578586,0.0,12,0,12,0,0,0.04223448999982793,22,4,0.0,0,jacobi_bilinear_full,0,0.0,0.0,0,,,,,,0.0,0.006004382005657259
15,rotated_anisotropy,learned_transfer,raw,jacobi_bilinear_full,False,3,0.01658173683087648,0.2550018548160688,0.01963185299973702,0.017610928999602038,0.0020209240001349826,35.06039807824296,0.0,2,2,0,0,0,0.0017212669999935315,22,4,0.0,0,jacobi_bilinear_full,0,0.0,0.0,0,,,,,,0.0,0.005503988491420314
15,rotated_anisotropy,combined,raw,jacobi_bilinear_full,False,3,0.02962597054088424,0.30942651706069685,0.04013931600002252,0.022037642000213964,0.018101673999808554,35.06039807824296,0.0,14,2,12,0,0,0.025217942001290794,22,4,0.0,0,jacobi_bilinear_full,0,0.0,0.0,0,,,,,,0.0,0.006018263935759106
15,rotated_anisotropy,adaptive,raw,jacobi_bilinear_full,False,3,0.016562696177987217,0.2549042120196497,0.043865641000593314,0.0014672659999632742,0.04239837500063004,26.494852436513384,0.0,12,0,0,12,0,0.021087249002448516,34,4,0.0,0,jacobi_bilinear_full,2,0.0,0.0,0,,,,,,0.0,0.005492524086672689
15,rotated_anisotropy,adaptive,safe,jacobi_bilinear_full,False,3,0.016562696177987217,0.2549042120196497,0.07303613600015524,0.007535881999501726,0.06550025400065351,47.50308853809197,21.008236101578586,12,0,0,12,0,0.03336423999917315,58,4,0.0,0,jacobi_bilinear_full,2,0.0,0.0,12,0.0,0.0,0.0,0.0,1.0,0.0,0.005492524086672689
15,local_patch,classical,raw,jacobi_bilinear_full,False,3,0.008330290813325291,0.20271538988735116,0.013725629000873596,0.011038870000447787,0.002686759000425809,20.69920844327177,0.0,0,0,0,0,0,0.0,22,4,0.0,0,jacobi_bilinear_full,0,0.0,0.0,0,,,,,,0.0,0.1565498197774518
15,local_patch,nn_smoother,raw,jacobi_bilinear_full,False,3,0.01251918003173383,0.23219808211541795,0.5059283919999871,0.005527008000171918,0.5004013839998152,20.69920844327177,0.0,12,0,12,0,0,0.4485726729999442,22,4,0.0,0,jacobi_bilinear_full,0,0.0,0.0,0,,,,,,0.0,0.16584962613676985
15,local_patch,learned_transfer,raw,jacobi_bilinear_full,False,3,0.008343861643974543,0.2028254110038571,0.015529973999036883,0.01322029599941743,0.0023096779996194527,41.26912928759894,0.0,2,2,0,0,0,0.0027241809984843712,22,4,0.0,0,jacobi_bilinear_full,0,0.0,0.0,0,,,,,,0.0,0.15653249467062533
15,local_patch,combined,raw,jacobi_bilinear_full,False,3,0.01253983818732571,0.2323257302012209,0.030422888999964925,0.013662648999343219,0.016760240000621707,41.26912928759894,0.0,14,2,12,0,0,0.015034213000944874,22,4,0.0,0,jacobi_bilinear_full,0,0.0,0.0,0,,,,,,0.0,0.16585227484715473
15,local_patch,adaptive,raw,jacobi_bilinear_full,False,3,0.008330290813325291,0.20271538988735116,0.05332288800036622,0.00199081099981413,0.05133207700055209,28.604221635883906,0.0,12,0,0,12,0,0.029026299997894967,34,4,0.0,0,jacobi_bilinear_full,2,0.0,0.0,0,,,,,,0.0,0.1565498197774518
15,local_patch,adaptive,safe,jacobi_bilinear_full,False,3,0.008330290813325291,0.20271538988735116,0.03473439200024586,0.0049706149993653526,0.02976377700088051,51.303430079155675,22.69920844327177,12,0,0,12,0,0.009016942002745054,58,4,0.0,0,jacobi_bilinear_full,2,0.0,0.0,12,0.0,0.0,0.0,0.0,1.0,0.0,0.1565498197774518
15,checkerboard,classical,raw,jacobi_bilinear_full,False,3,0.17538290195962333,0.5597521245236718,0.005878199999642675,0.0040076559998851735,0.0018705439997575013,19.942109436954798,0.0,0,0,0,0,0,0.0,22,4,0.0,0,jacobi_bilinear_full,0,0.0,0.0,0,,,,,,0.0,0.1645941660564856
15,checkerboard,nn_smoother,raw,jacobi_bilinear_full,False,3,0.25916467864556036,0.6375661783575207,0.04432296399954794,0.003953589000047941,0.040369374999499996,19.942109436954798,0.0,12,0,12,0,0,0.03556463799941412,22,4,0.0,0,jacobi_bilinear_full,0,0.0,0.0,0,,,,,,0.0,0.17244798754306465
15,checkerboard,learned_transfer,raw,jacobi_bilinear_full,False,3,0.17527242569530466,0.5596345678101119,0.027107232999696862,0.0243137219995333,0.002793511000163562,38.4892942109437,0.0,2,2,0,0,0,0.009836829000050784,22,4,0.0,0,jacobi_bilinear_full,0,0.0,0.0,0,,,,,,0.0,0.16536430736280805
15,checkerboard,combined,raw,jacobi_bilinear_full,False,3,0.2595711388764731,0.6378993126651975,0.0293184049996853,0.013930240000263439,0.01538816499942186,38.4892942109437,0.0,14,2,12,0,0,0.015860754000641464,22,4,0.0,0,jacobi_bilinear_full,0,0.0,0.0,0,,,,,,0.0,0.17360337296048947
15,checkerboard,adaptive,raw,jacobi_bilinear_full,False,3,0.17538290195962333,0.5597521245236718,0.03853709200029698,0.0012986580004508141,0.037238433999846166,27.65979381443299,0.0,12,0,0,12,0,0.017364466001708934,34,4,0.0,0,jacobi_bilinear_full,2,0.0,0.0,0,,,,,,0.0,0.1645941660564856
15,checkerboard,adaptive,safe,jacobi_bilinear_full,False,3,0.17538290195962333,0.5597521245236718,0.15441304100022535,0.02212353999948391,0.13228950100074144,49.60190325138779,21.942109436954798,12,0,0,12,0,0.07716236299984303,58,4,0.0,0,jacobi_bilinear_full,2,0.0,0.0,12,0.0,0.0,0.0,0.0,1.0,0.0,0.1645941660564856
15,channel,classical,raw,jacobi_bilinear_full,False,3,0.02538709170993244,0.2939032017777752,0.006312718999652134,0.004496886000197264,0.0018158329994548694,20.64541484716157,0.0,0,0,0,0,0,0.0,22,4,0.0,0,jacobi_bilinear_full,0,0.0,0.0,0,,,,,,0.0,0.016479814277167704
15,channel,nn_smoother,raw,jacobi_bilinear_full,False,3,0.02758925440666008,0.3021667368907278,0.03453625899965118,0.004195161000097869,0.030341097999553313,20.64541484716157,0.0,12,0,12,0,0,0.024943454001004284,22,4,0.0,0,jacobi_bilinear_full,0,0.0,0.0,0,,,,,,0.0,0.01524740631485227
15,channel,learned_transfer,raw,jacobi_bilinear_full,False,3,0.025421110822108937,0.2940344215258997,0.01306631199986441,0.011142727000333252,0.0019235849995311582,41.071615720524015,0.0,2,2,0,0,0,0.002093498000249383,22,4,0.0,0,jacobi_bilinear_full,0,0.0,0.0,0,,,,,,0.0,0.01650146120305172
15,channel,combined,raw,jacobi_bilinear_full,False,3,0.027635876274342382,0.30233684719929443,0.041929128000447236,0.019059998000557243,0.022869129999889992,41.071615720524015,0.0,14,2,12,0,0,0.020666440001150477,22,4,0.0,0,jacobi_bilinear_full,0,0.0,0.0,0,,,,,,0.0,0.015275473036511748
15,channel,adaptive,raw,jacobi_bilinear_full,False,3,0.02538709170993244,0.2939032017777752,0.0681401840001854,0.001417059000232257,0.06672312499995314,28.53711790393013,0.0,12,0,0,12,0,0.04150473200024862,34,4,0.0,0,jacobi_bilinear_full,2,0.0,0.0,0,,,,,,0.0,0.016479814277167704
15,channel,adaptive,safe,jacobi_bilinear_full,False,3,0.02538709170993244,0.2939032017777752,0.03152034800041292,0.00504115500007174,0.026479193000341184,51.182532751091706,22.64541484716157,12,0,0,12,0,0.008738144002563786,58,4,0.0,0,jacobi_bilinear_full,2,0.0,0.0,12,0.0,0.0,0.0,0.0,1.0,0.0,0.016479814277167704
31,rotated_anisotropy,classical,raw,jacobi_bilinear_full,False,3,0.019925317002791907,0.2711034721627291,0.02754793299936864,0.024794060999738576,0.0027538719996300642,19.6827650054004,0.0,0,0,0,0,0,0.0,31,4,0.0,0,jacobi_bilinear_full,0,0.0,0.0,0,,,,,,0.0,0.0054043153396666765
31,rotated_anisotropy,nn_smoother,raw,jacobi_bilinear_full,False,3,0.03456717573468375,0.3257526563440704,0.03863936099878629,0.008633234999251727,0.03000612599953456,19.6827650054004,0.0,18,0,18,0,0,0.022435399000642064,31,4,0.0,0,jacobi_bilinear_full,0,0.0,0.0,0,,,,,,0.0,0.005466206365990095
31,rotated_anisotropy,learned_transfer,raw,jacobi_bilinear_full,False,3,0.0199942542084224,0.2714157650400132,0.03810722100024577,0.03442073899987008,0.0036864820003756904,46.428637555932724,0.0,3,3,0,0,0,0.012692706999587244,31,4,0.0,0,jacobi_bilinear_full,0,0.0,0.0,0,,,,,,0.0,0.005421891900572158
31,rotated_anisotropy,combined,raw,jacobi_bilinear_full,False,3,0.03468972711438915,0.3261371670961208,0.05812360100026126,0.024109531000249262,0.034014070000012,46.428637555932724,0.0,21,3,18,0,0,0.03027500199732458,31,4,0.0,0,jacobi_bilinear_full,0,0.0,0.0,0,,,,,,0.0,0.0054869712984850945
31,rotated_anisotropy,adaptive,raw,jacobi_bilinear_full,False,3,0.019925317002791907,0.2711034721627291,0.0536533659997076,0.0023972119997779373,0.051256153999929666,27.72874556395618,0.0,18,0,0,18,0,0.02269480600261886,49,4,0.0,0,jacobi_bilinear_full,3,0.0,0.0,0,,,,,,0.0,0.0054043153396666765
31,rotated_anisotropy,adaptive,safe,jacobi_bilinear_full,False,3,0.019925317002791907,0.2711034721627291,0.11162944199986669,0.008913204000236874,0.10271623799962981,49.41151056935658,21.6827650054004,18,0,0,18,0,0.05671749299926887,82,4,0.0,0,jacobi_bilinear_full,3,0.0,0.0,18,0.0,0.0,0.0,0.0,1.0,0.0,0.0054043153396666765
31,local_patch,classical,raw,jacobi_bilinear_full,False,3,0.01142435908824174,0.2252218985416678,0.01103552399945329,0.008396530000027269,0.0026389939994260203,21.544288814361806,0.0,0,0,0,0,0,0.0,31,4,0.0,0,jacobi_bilinear_full,0,0.0,0.0,0,,,,,,0.0,0.12196822341984356
31,local_patch,nn_smoother,raw,jacobi_bilinear_full,False,3,0.014216592297054579,0.24225077195110487,0.04573635100041429,0.010054571000182477,0.03568178000023181,21.544288814361806,0.0,18,0,18,0,0,0.027118690997667727,31,4,0.0,0,jacobi_bilinear_full,0,0.0,0.0,0,,,,,,0.0,0.12420688333395773
31,local_patch,learned_transfer,raw,jacobi_bilinear_full,False,3,0.011443261661241072,0.22534604635292044,0.0286134719990514,0.02344674199957808,0.0051667299994733185,55.74038271848491,0.0,3,3,0,0,0,0.0046108979995551636,31,4,0.0,0,jacobi_bilinear_full,0,0.0,0.0,0,,,,,,0.0,0.12190713643101488
31,local_patch,combined,raw,jacobi_bilinear_full,False,3,0.014239499756267232,0.2423808165177407,0.06397209999977349,0.02761829100018076,0.03635380899959273,55.74038271848491,0.0,21,3,18,0,0,0.03712530300072103,31,4,0.0,0,jacobi_bilinear_full,0,0.0,0.0,0,,,,,,0.0,0.12414162064372357
31,local_patch,adaptive,raw,jacobi_bilinear_full,False,3,0.01142435908824174,0.2252218985416678,0.0854900810008985,0.002165528000659833,0.08332455300023867,30.160189386466758,0.0,18,0,0,18,0,0.047820386998864706,49,4,0.0,0,jacobi_bilinear_full,3,0.0,0.0,0,,,,,,0.0,0.12196822341984356
31,local_patch,adaptive,safe,jacobi_bilinear_full,False,3,0.01142435908824174,0.2252218985416678,0.05631319100029941,0.009631631000047491,0.04668156000025192,53.70447820082857,23.544288814361806,18,0,0,18,0,0.015644900001461792,82,4,0.0,0,jacobi_bilinear_full,3,0.0,0.0,18,0.0,0.0,0.0,0.0,1.0,0.0,0.12196822341984356
31,checkerboard,classical,raw,jacobi_bilinear_full,False,3,0.283109892036792,0.6566264125104492,0.010269234000588767,0.007556899000519479,0.002712335000069288,20.760437197634833,0.0,0,0,0,0,0,0.0,31,4,0.0,0,jacobi_bilinear_full,0,0.0,0.0,0,,,,,,0.0,0.2005936656105531
31,checkerboard,nn_smoother,raw,jacobi_bilinear_full,False,3,0.48719037213680155,0.786863799738966,0.03363515000091866,0.007112676000360807,0.02652247400055785,20.760437197634833,0.0,18,0,18,0,0,0.02012544400167826,31,4,0.0,0,jacobi_bilinear_full,0,0.0,0.0,0,,,,,,0.0,0.2098172563593826
31,checkerboard,learned_transfer,raw,jacobi_bilinear_full,False,3,0.2832222376800684,0.6567132567160296,0.02436363299966615,0.021417365999695903,0.0029462669999702484,51.8193872065938,0.0,3,3,0,0,0,0.002671367999028007,31,4,0.0,0,jacobi_bilinear_full,0,0.0,0.0,0,,,,,,0.0,0.20119479005889862
31,checkerboard,combined,raw,jacobi_bilinear_full,False,3,0.48767278451257745,0.7871234296739286,0.07817245799924422,0.040381025999522535,0.03779143199972168,51.8193872065938,0.0,21,3,18,0,0,0.04797521499767754,31,4,0.0,0,jacobi_bilinear_full,0,0.0,0.0,0,,,,,,0.0,0.21063173391699752
31,checkerboard,adaptive,raw,jacobi_bilinear_full,False,3,0.283109892036792,0.6566264125104492,0.04606290900028398,0.002896749000683485,0.043166159999600495,29.13635549184734,0.0,18,0,0,18,0,0.01485926800614834,49,4,0.0,0,jacobi_bilinear_full,3,0.0,0.0,0,,,,,,0.0,0.2005936656105531
31,checkerboard,adaptive,safe,jacobi_bilinear_full,False,3,0.283109892036792,0.6566264125104492,0.07745526200051245,0.01505923199965764,0.06239603000085481,51.89679268948217,22.760437197634833,18,0,0,18,0,0.025925666998773522,82,4,0.0,0,jacobi_bilinear_full,3,0.0,0.0,18,0.0,0.0,0.0,0.0,1.0,0.0,0.2005936656105531
31,channel,classical,raw,jacobi_bilinear_full,False,3,0.031235472227954718,0.31493144465249756,0.011429559000134759,0.007673836000321899,0.0037557229998128605,21.71624069229221,0.0,0,0,0,0,0,0.0,31,4,0.0,0,jacobi_bilinear_full,0,0.0,0.0,0,,,,,,0.0,0.03727713303263829
31,channel,nn_smoother,raw,jacobi_bilinear_full,False,3,0.03456847879993409,0.3257567495492956,0.03133850500034896,0.008214288000090164,0.023124217000258795,21.71624069229221,0.0,18,0,18,0,0,0.0170914999962406,31,4,0.0,0,jacobi_bilinear_full,0,0.0,0.0,0,,,,,,0.0,0.03728610642600477
31,channel,learned_transfer,raw,jacobi_bilinear_full,False,3,0.03124593935702065,0.3149666189772445,0.02430319500126643,0.021402261000730505,0.0029009340005359263,56.6005232441135,0.0,3,3,0,0,0,0.006182685999192472,31,4,0.0,0,jacobi_bilinear_full,0,0.0,0.0,0,,,,,,0.0,0.03739035781936734
31,channel,combined,raw,jacobi_bilinear_full,False,3,0.034635240980102684,0.3259663262673505,0.06725175399969885,0.04095206500005588,0.026299688999642967,56.6005232441135,0.0,21,3,18,0,0,0.028347671998744772,31,4,0.0,0,jacobi_bilinear_full,0,0.0,0.0,0,,,,,,0.0,0.03740649690391834
31,channel,adaptive,raw,jacobi_bilinear_full,False,3,0.031235472227954718,0.31493144465249756,0.06651978599984432,0.0020197730000290903,0.06450001299981523,30.3847856711612,0.0,18,0,0,18,0,0.033403218999410456,49,4,0.0,0,jacobi_bilinear_full,3,0.0,0.0,0,,,,,,0.0,0.03727713303263829
31,channel,adaptive,safe,jacobi_bilinear_full,False,3,0.031235472227954718,0.31493144465249756,0.06456200599950535,0.008993792999717698,0.05556821299978765,54.101026363453414,23.71624069229221,18,0,0,18,0,0.026468006000868627,82,4,0.0,0,jacobi_bilinear_full,3,0.0,0.0,18,0.0,0.0,0.0,0.0,1.0,0.0,0.03727713303263829
63,rotated_anisotropy,classical,raw,jacobi_bilinear_full,False,3,0.022413594476313106,0.2819489641404044,0.11674034299994673,0.11241940499985503,0.004320938000091701,20.094607968916094,0.0,0,0,0,0,0,0.0,40,4,0.0,0,jacobi_bilinear_full,0,0.0,0.0,0,,,,,,0.0,0.005421054101478347
63,rotated_anisotropy,nn_smoother,raw,jacobi_bilinear_full,False,3,0.03702380910955496,0.33329364482554175,0.07298215700029687,0.01613761400039948,0.056844542999897385,20.094607968916094,0.0,24,0,24,0,0,0.045262193998496514,40,4,0.0,0,jacobi_bilinear_full,0,0.0,0.0,0,,,,,,0.0,0.0053949231607804396
63,rotated_anisotropy,learned_transfer,raw,jacobi_bilinear_full,False,3,0.022628722615190403,0.2828481524417441,0.08794967999983783,0.08088590599982126,0.007063774000016565,54.77874711337561,0.0,4,4,0,0,0,0.006657597999947029,40,4,0.0,0,jacobi_bilinear_full,0,0.0,0.0,0,,,,,,0.0,0.005441603740093865
63,rotated_anisotropy,combined,raw,jacobi_bilinear_full,False,3,0.03745908341119256,0.33459469334795905,0.15471859799981758,0.0800794879996829,0.07463911000013468,54.77874711337561,0.0,28,4,24,0,0,0.06508554499941965,40,4,0.0,0,jacobi_bilinear_full,0,0.0,0.0,0,,,,,,0.0,0.00541866399123786
63,rotated_anisotropy,adaptive,raw,jacobi_bilinear_full,False,3,0.022413594476313106,0.2819489641404044,0.11944861899974057,0.006693309999718622,0.11275530900002195,28.401928081815182,0.0,24,0,0,24,0,0.050639641001907876,64,4,0.0,0,jacobi_bilinear_full,4,0.0,0.0,0,,,,,,0.0,0.005421054101478347
63,rotated_anisotropy,adaptive,safe,jacobi_bilinear_full,False,3,0.022413594476313106,0.2819489641404044,0.14490535400000226,0.020063650000338384,0.12484170399966388,50.49653605073128,22.094607968916094,24,0,0,24,0,0.0685649460001514,106,4,0.0,0,jacobi_bilinear_full,4,0.0,0.0,24,0.0,0.0,0.0,0.0,1.0,0.0,0.005421054101478347
63,local_patch,classical,raw,jacobi_bilinear_full,False,3,0.009720997409778463,0.2134208977731534,0.016806671999802347,0.012744112000291352,0.004062559999510995,22.240773454285033,0.0,0,0,0,0,0,0.0,40,4,0.0,0,jacobi_bilinear_full,0,0.0,0.0,0,,,,,,0.0,0.11952895061997353
63,local_patch,nn_smoother,raw,jacobi_bilinear_full,False,3,0.011564526189757169,0.22613925026891207,0.06751769200036506,0.012571434000165027,0.05494625800020003,22.240773454285033,0.0,24,0,24,0,0,0.04283076300089306,40,4,0.0,0,jacobi_bilinear_full,0,0.0,0.0,0,,,,,,0.0,0.11953170918861825
63,local_patch,learned_transfer,raw,jacobi_bilinear_full,False,3,0.00976287861615626,0.21372695412125958,0.10513342500053113,0.09794946600050025,0.007183959000030882,67.41709238481738,0.0,4,4,0,0,0,0.010996445000273525,40,4,0.0,0,jacobi_bilinear_full,0,0.0,0.0,0,,,,,,0.0,0.11951818294396899
63,local_patch,combined,raw,jacobi_bilinear_full,False,3,0.011620261952140807,0.22650196433566994,0.17459511000015482,0.07840013700024429,0.09619497299991053,67.41709238481738,0.0,28,4,24,0,0,0.09477848400092626,40,4,0.0,0,jacobi_bilinear_full,0,0.0,0.0,0,,,,,,0.0,0.11952518535145422
63,local_patch,adaptive,raw,jacobi_bilinear_full,False,3,0.009720997409778463,0.2134208977731534,0.1007962290004798,0.005013664000216522,0.09578256500026328,31.246073048460254,0.0,24,0,0,24,0,0.03846563400111336,64,4,0.0,0,jacobi_bilinear_full,4,0.0,0.0,0,,,,,,0.0,0.11952895061997353
63,local_patch,adaptive,safe,jacobi_bilinear_full,False,3,0.009720997409778463,0.2134208977731534,0.11271415500050352,0.0174730440003259,0.09524111100017763,55.48684650274529,24.240773454285033,24,0,0,24,0,0.03854262200638914,106,4,0.0,0,jacobi_bilinear_full,4,0.0,0.0,24,0.0,0.0,0.0,0.0,1.0,0.0,0.11952895061997353
63,checkerboard,classical,raw,jacobi_bilinear_full,False,3,0.31816467688472855,0.6826802213914668,0.01917863499966188,0.014643700000306126,0.004534934999355755,21.258224175449076,0.0,0,0,0,0,0,0.0,40,4,0.0,0,jacobi_bilinear_full,0,0.0,0.0,0,,,,,,0.0,0.21887576872591494
63,checkerboard,nn_smoother,raw,jacobi_bilinear_full,False,3,0.5748692168676846,0.831488699455884,0.12146616400059429,0.014926599000318674,0.10653956500027562,21.258224175449076,0.0,24,0,24,0,0,0.09432386800108361,40,4,0.0,0,jacobi_bilinear_full,0,0.0,0.0,0,,,,,,0.0,0.2269100720161264
63,checkerboard,learned_transfer,raw,jacobi_bilinear_full,False,3,0.3184798380674508,0.6829055588970745,0.08256867699947179,0.07656204399972921,0.006006632999742578,61.631053462473865,0.0,4,4,0,0,0,0.008994899998469919,40,4,0.0,0,jacobi_bilinear_full,0,0.0,0.0,0,,,,,,0.0,0.2194374012104834
63,checkerboard,combined,raw,jacobi_bilinear_full,False,3,0.5753523782753893,0.8317215818460337,0.18406758699984493,0.10137435700016795,0.08269322999967699,61.631053462473865,0.0,28,4,24,0,0,0.09673071199722472,40,4,0.0,0,jacobi_bilinear_full,0,0.0,0.0,0,,,,,,0.0,0.22772397432051839
63,checkerboard,adaptive,raw,jacobi_bilinear_full,False,3,0.31816467688472855,0.6826802213914668,0.13352221500008454,0.00860280100005184,0.1249194140000327,29.943977471519393,0.0,24,0,0,24,0,0.05624619799800712,64,4,0.0,0,jacobi_bilinear_full,4,0.0,0.0,0,,,,,,0.0,0.21887576872591494
63,checkerboard,adaptive,safe,jacobi_bilinear_full,False,3,0.31816467688472855,0.6826802213914668,0.16087326900014887,0.021036662999904365,0.1398366060002445,53.20220164696847,23.258224175449076,24,0,0,24,0,0.05735688900404057,106,4,0.0,0,jacobi_bilinear_full,4,0.0,0.0,24,0.0,0.0,0.0,0.0,1.0,0.0,0.21887576872591494
63,channel,classical,raw,jacobi_bilinear_full,False,3,0.03960184994830548,0.3408566918116612,0.026097322999703465,0.019143703999361605,0.00695361900034186,22.261999330047374,0.0,0,0,0,0,0,0.0,40,4,0.0,0,jacobi_bilinear_full,0,0.0,0.0,0,,,,,,0.0,0.039235508758603765
63,channel,nn_smoother,raw,jacobi_bilinear_full,False,3,0.043893804421079326,0.3527505839812319,0.0623392600009538,0.01406151300034253,0.04827774700061127,22.261999330047374,0.0,24,0,24,0,0,0.03725650700198457,40,4,0.0,0,jacobi_bilinear_full,0,0.0,0.0,0,,,,,,0.0,0.038854746562638466
63,channel,learned_transfer,raw,jacobi_bilinear_full,False,3,0.039622075972785976,0.34091471100720727,0.0579146550007863,0.05200736900042102,0.005907286000365275,67.54208738096378,0.0,4,4,0,0,0,0.005245726998509781,40,4,0.0,0,jacobi_bilinear_full,0,0.0,0.0,0,,,,,,0.0,0.03933773274826799
63,channel,combined,raw,jacobi_bilinear_full,False,3,0.04397520451832204,0.3529685053993443,0.11529308399985894,0.06622212799993576,0.04907095599992317,67.54208738096378,0.0,28,4,24,0,0,0.0396190410001509,40,4,0.0,0,jacobi_bilinear_full,0,0.0,0.0,0,,,,,,0.0,0.03895682170476639
63,channel,adaptive,raw,jacobi_bilinear_full,False,3,0.03960184994830548,0.3408566918116612,0.10864866100018844,0.0045231120002426906,0.10412554899994575,31.27420203857013,0.0,24,0,0,24,0,0.0448436069964373,64,4,0.0,0,jacobi_bilinear_full,4,0.0,0.0,0,,,,,,0.0,0.039235508758603765
63,channel,adaptive,safe,jacobi_bilinear_full,False,3,0.03960184994830548,0.3408566918116612,0.15540675500051293,0.024296319000313815,0.13111043600019912,55.536201368617505,24.261999330047374,24,0,0,24,0,0.057046756001000176,106,4,0.0,0,jacobi_bilinear_full,4,0.0,0.0,24,0.0,0.0,0.0,0.0,1.0,0.0,0.039235508758603765
