check,case,n,pattern,strategy,finite,relative_residual,rank_ok,coarse_min_eigenvalue,guaranteed,classical_relative_residual,safe_relative_residual,fallback_count
classical_strategy,0,15,channel,jacobi_bilinear_full,True,0.07034166597307308,,,,,,
classical_strategy,0,15,channel,line_x_bilinear_full,True,0.07570028536118471,,,,,,
classical_strategy,0,15,channel,line_y_bilinear_full,True,0.08405279270166388,,,,,,
classical_strategy,0,15,channel,line_alt_bilinear_full,True,0.04991734625712813,,,,,,
classical_strategy,0,15,channel,jacobi_operator_full,True,0.30155557294404145,,,,,,
classical_strategy,0,15,channel,line_alt_operator_full,True,0.07565171241779572,,,,,,
classical_strategy,0,15,channel,line_x_operator_semi_y,True,0.08123193023044786,,,,,,
classical_strategy,0,15,channel,line_y_operator_semi_x,True,0.050570458151713876,,,,,,
classical_strategy,0,15,channel,line_alt_operator_alternating,True,0.007137979854018174,,,,,,
extreme_transfer,0,15,channel,full,True,,True,1.8808922820598613,,,,
extreme_transfer,0,15,channel,semi_x,True,,True,0.7883334556217516,,,,
extreme_transfer,0,15,channel,semi_y,True,,True,0.7823302697336539,,,,
extreme_transfer,0,15,channel,alternating,True,,True,0.6338541606708231,,,,
safe_fallback,0,15,channel,nn_smoother,True,,,,True,0.07034166597307308,0.06913909633562487,1.0
safe_fallback,0,15,channel,learned_transfer,True,,,,True,0.07034166597307308,0.07034166597307308,2.0
safe_fallback,0,15,channel,combined,True,,,,True,0.07034166597307308,0.07034166597307308,2.0
safe_fallback,0,15,channel,adaptive,True,,,,True,0.07034166597307308,0.07034166597307308,2.0
classical_strategy,1,7,uniform,jacobi_bilinear_full,True,0.13927685708732798,,,,,,
classical_strategy,1,7,uniform,line_x_bilinear_full,True,0.0528793496657874,,,,,,
classical_strategy,1,7,uniform,line_y_bilinear_full,True,0.04483324952413057,,,,,,
classical_strategy,1,7,uniform,line_alt_bilinear_full,True,0.02046534672293347,,,,,,
classical_strategy,1,7,uniform,jacobi_operator_full,True,0.06751409252357175,,,,,,
classical_strategy,1,7,uniform,line_alt_operator_full,True,0.022227288690445216,,,,,,
classical_strategy,1,7,uniform,line_x_operator_semi_y,True,0.05650435363842861,,,,,,
classical_strategy,1,7,uniform,line_y_operator_semi_x,True,0.04128214757811068,,,,,,
classical_strategy,1,7,uniform,line_alt_operator_alternating,True,0.02052650201537881,,,,,,
extreme_transfer,1,7,uniform,full,True,,True,0.5498947882375422,,,,
extreme_transfer,1,7,uniform,semi_x,True,,True,0.29715719131928,,,,
extreme_transfer,1,7,uniform,semi_y,True,,True,0.27888625242046866,,,,
extreme_transfer,1,7,uniform,alternating,True,,True,0.27816724101202905,,,,
safe_fallback,1,7,uniform,nn_smoother,True,,,,True,0.13927685708732798,0.09227139226787089,0.0
safe_fallback,1,7,uniform,learned_transfer,True,,,,True,0.13927685708732798,0.13209868855119522,0.0
safe_fallback,1,7,uniform,combined,True,,,,True,0.13927685708732798,0.08373731980652811,0.0
safe_fallback,1,7,uniform,adaptive,True,,,,True,0.13927685708732798,0.07103795141201628,0.0
classical_strategy,2,7,uniform,jacobi_bilinear_full,True,0.3154345058964321,,,,,,
classical_strategy,2,7,uniform,line_x_bilinear_full,True,0.032097239948912296,,,,,,
classical_strategy,2,7,uniform,line_y_bilinear_full,True,0.03215993199289492,,,,,,
classical_strategy,2,7,uniform,line_alt_bilinear_full,True,0.010601598879673461,,,,,,
classical_strategy,2,7,uniform,jacobi_operator_full,True,0.2736427082221719,,,,,,
classical_strategy,2,7,uniform,line_alt_operator_full,True,0.014745444807538196,,,,,,
classical_strategy,2,7,uniform,line_x_operator_semi_y,True,0.03559685060592259,,,,,,
classical_strategy,2,7,uniform,line_y_operator_semi_x,True,0.017877299913572505,,,,,,
classical_strategy,2,7,uniform,line_alt_operator_alternating,True,0.007379781533845759,,,,,,
extreme_transfer,2,7,uniform,full,True,,True,0.5648546845267678,,,,
extreme_transfer,2,7,uniform,semi_x,True,,True,0.31928520043328207,,,,
extreme_transfer,2,7,uniform,semi_y,True,,True,0.3191905487574583,,,,
extreme_transfer,2,7,uniform,alternating,True,,True,0.3159520152258081,,,,
safe_fallback,2,7,uniform,nn_smoother,True,,,,True,0.3154345058964321,0.1671721098081555,0.0
safe_fallback,2,7,uniform,learned_transfer,True,,,,True,0.3154345058964321,0.30303111236902813,0.0
safe_fallback,2,7,uniform,combined,True,,,,True,0.3154345058964321,0.16058520985378993,0.0
safe_fallback,2,7,uniform,adaptive,True,,,,True,0.3154345058964321,0.13406006922451982,0.0
classical_strategy,3,7,uniform,jacobi_bilinear_full,True,0.044902628840721215,,,,,,
classical_strategy,3,7,uniform,line_x_bilinear_full,True,0.035442857416563646,,,,,,
classical_strategy,3,7,uniform,line_y_bilinear_full,True,0.021213421340642157,,,,,,
classical_strategy,3,7,uniform,line_alt_bilinear_full,True,0.010957532296350719,,,,,,
classical_strategy,3,7,uniform,jacobi_operator_full,True,0.052919718431538795,,,,,,
classical_strategy,3,7,uniform,line_alt_operator_full,True,0.011473892510432479,,,,,,
classical_strategy,3,7,uniform,line_x_operator_semi_y,True,0.03094189016918791,,,,,,
classical_strategy,3,7,uniform,line_y_operator_semi_x,True,0.02372823095795437,,,,,,
classical_strategy,3,7,uniform,line_alt_operator_alternating,True,0.012295951094054684,,,,,,
extreme_transfer,3,7,uniform,full,True,,True,0.7169448941351009,,,,
extreme_transfer,3,7,uniform,semi_x,True,,True,0.44192203664281793,,,,
extreme_transfer,3,7,uniform,semi_y,True,,True,0.40216816445132547,,,,
extreme_transfer,3,7,uniform,alternating,True,,True,0.46532970842080845,,,,
safe_fallback,3,7,uniform,nn_smoother,True,,,,True,0.044902628840721215,0.02779002402284847,0.0
safe_fallback,3,7,uniform,learned_transfer,True,,,,True,0.044902628840721215,0.044902628840721215,2.0
safe_fallback,3,7,uniform,combined,True,,,,True,0.044902628840721215,0.027508397507651956,1.0
safe_fallback,3,7,uniform,adaptive,True,,,,True,0.044902628840721215,0.034835650218543436,1.0
classical_strategy,4,7,local_patch,jacobi_bilinear_full,True,0.02995140247762353,,,,,,
classical_strategy,4,7,local_patch,line_x_bilinear_full,True,0.03995856428789792,,,,,,
classical_strategy,4,7,local_patch,line_y_bilinear_full,True,0.02588474783521442,,,,,,
classical_strategy,4,7,local_patch,line_alt_bilinear_full,True,0.004984799408719366,,,,,,
classical_strategy,4,7,local_patch,jacobi_operator_full,True,0.016899114060887073,,,,,,
classical_strategy,4,7,local_patch,line_alt_operator_full,True,0.0031912113120032125,,,,,,
classical_strategy,4,7,local_patch,line_x_operator_semi_y,True,0.023371652158285624,,,,,,
classical_strategy,4,7,local_patch,line_y_operator_semi_x,True,0.01919404559508928,,,,,,
classical_strategy,4,7,local_patch,line_alt_operator_alternating,True,0.0016056987935468693,,,,,,
extreme_transfer,4,7,local_patch,full,True,,True,1.222200036940518,,,,
extreme_transfer,4,7,local_patch,semi_x,True,,True,0.8186993660037043,,,,
extreme_transfer,4,7,local_patch,semi_y,True,,True,0.7846088900837492,,,,
extreme_transfer,4,7,local_patch,alternating,True,,True,0.7547565799141982,,,,
safe_fallback,4,7,local_patch,nn_smoother,True,,,,True,0.02995140247762353,0.028072432345444574,0.0
safe_fallback,4,7,local_patch,learned_transfer,True,,,,True,0.02995140247762353,0.029319590453859,0.0
safe_fallback,4,7,local_patch,combined,True,,,,True,0.02995140247762353,0.0281097736740048,0.0
safe_fallback,4,7,local_patch,adaptive,True,,,,True,0.02995140247762353,0.02995140247762353,1.0
classical_strategy,5,15,uniform,jacobi_bilinear_full,True,0.12072948171930928,,,,,,
classical_strategy,5,15,uniform,line_x_bilinear_full,True,0.04672366050800324,,,,,,
classical_strategy,5,15,uniform,line_y_bilinear_full,True,0.04482713661782152,,,,,,
classical_strategy,5,15,uniform,line_alt_bilinear_full,True,0.0297121289378073,,,,,,
classical_strategy,5,15,uniform,jacobi_operator_full,True,0.22344018464371157,,,,,,
classical_strategy,5,15,uniform,line_alt_operator_full,True,0.08008546681768752,,,,,,
classical_strategy,5,15,uniform,line_x_operator_semi_y,True,0.11686362515575376,,,,,,
classical_strategy,5,15,uniform,line_y_operator_semi_x,True,0.08209147676954334,,,,,,
classical_strategy,5,15,uniform,line_alt_operator_alternating,True,0.04119271105435863,,,,,,
extreme_transfer,5,15,uniform,full,True,,True,0.2462369964782569,,,,
extreme_transfer,5,15,uniform,semi_x,True,,True,0.09549306722156836,,,,
extreme_transfer,5,15,uniform,semi_y,True,,True,0.09484421929898366,,,,
extreme_transfer,5,15,uniform,alternating,True,,True,0.10328934700278741,,,,
safe_fallback,5,15,uniform,nn_smoother,True,,,,True,0.12072948171930928,0.03219194291283582,0.0
safe_fallback,5,15,uniform,learned_transfer,True,,,,True,0.12072948171930928,0.12025076144127184,1.0
safe_fallback,5,15,uniform,combined,True,,,,True,0.12072948171930928,0.10200815292617435,0.0
safe_fallback,5,15,uniform,adaptive,True,,,,True,0.12072948171930928,0.0712453706180244,0.0
classical_strategy,6,7,channel,jacobi_bilinear_full,True,0.061682911615859363,,,,,,
classical_strategy,6,7,channel,line_x_bilinear_full,True,0.010939739573151676,,,,,,
classical_strategy,6,7,channel,line_y_bilinear_full,True,0.05339304953403666,,,,,,
classical_strategy,6,7,channel,line_alt_bilinear_full,True,0.009896593148287558,,,,,,
classical_strategy,6,7,channel,jacobi_operator_full,True,0.056954296650912936,,,,,,
classical_strategy,6,7,channel,line_alt_operator_full,True,0.015021353648124512,,,,,,
classical_strategy,6,7,channel,line_x_operator_semi_y,True,0.014062445534891924,,,,,,
classical_strategy,6,7,channel,line_y_operator_semi_x,True,0.03629303505873297,,,,,,
classical_strategy,6,7,channel,line_alt_operator_alternating,True,0.006980677761436611,,,,,,
extreme_transfer,6,7,channel,full,True,,True,6.205061866468644,,,,
extreme_transfer,6,7,channel,semi_x,True,,True,2.503483279895227,,,,
extreme_transfer,6,7,channel,semi_y,True,,True,2.7890355177092716,,,,
extreme_transfer,6,7,channel,alternating,True,,True,2.3680622792097688,,,,
safe_fallback,6,7,channel,nn_smoother,True,,,,True,0.061682911615859363,0.06160922836983426,0.0
safe_fallback,6,7,channel,learned_transfer,True,,,,True,0.061682911615859363,0.06155584932659722,1.0
safe_fallback,6,7,channel,combined,True,,,,True,0.061682911615859363,0.061627615175747476,1.0
safe_fallback,6,7,channel,adaptive,True,,,,True,0.061682911615859363,0.06162783127725573,1.0
classical_strategy,7,7,checkerboard,jacobi_bilinear_full,True,0.06314373438175537,,,,,,
classical_strategy,7,7,checkerboard,line_x_bilinear_full,True,0.03897141784897833,,,,,,
classical_strategy,7,7,checkerboard,line_y_bilinear_full,True,0.06571067279206566,,,,,,
classical_strategy,7,7,checkerboard,line_alt_bilinear_full,True,0.014861730426488614,,,,,,
classical_strategy,7,7,checkerboard,jacobi_operator_full,True,0.10244284498224508,,,,,,
classical_strategy,7,7,checkerboard,line_alt_operator_full,True,0.00922652837621671,,,,,,
classical_strategy,7,7,checkerboard,line_x_operator_semi_y,True,0.06345551356879561,,,,,,
classical_strategy,7,7,checkerboard,line_y_operator_semi_x,True,0.04982701684130384,,,,,,
classical_strategy,7,7,checkerboard,line_alt_operator_alternating,True,0.009475887547274088,,,,,,
extreme_transfer,7,7,checkerboard,full,True,,True,37.70833814906213,,,,
extreme_transfer,7,7,checkerboard,semi_x,True,,True,16.095896027401544,,,,
extreme_transfer,7,7,checkerboard,semi_y,True,,True,16.88845367277382,,,,
extreme_transfer,7,7,checkerboard,alternating,True,,True,16.489064940513604,,,,
safe_fallback,7,7,checkerboard,nn_smoother,True,,,,True,0.06314373438175537,0.05614546292213885,0.0
safe_fallback,7,7,checkerboard,learned_transfer,True,,,,True,0.06314373438175537,0.059082511143801184,1.0
safe_fallback,7,7,checkerboard,combined,True,,,,True,0.06314373438175537,0.05926585004619402,0.0
safe_fallback,7,7,checkerboard,adaptive,True,,,,True,0.06314373438175537,0.06314373438175537,1.0
classical_strategy,8,15,local_patch,jacobi_bilinear_full,True,0.18895796445924826,,,,,,
classical_strategy,8,15,local_patch,line_x_bilinear_full,True,0.06805691538315148,,,,,,
classical_strategy,8,15,local_patch,line_y_bilinear_full,True,0.07752203899819585,,,,,,
classical_strategy,8,15,local_patch,line_alt_bilinear_full,True,0.03435130169634394,,,,,,
classical_strategy,8,15,local_patch,jacobi_operator_full,True,0.07281753363004714,,,,,,
classical_strategy,8,15,local_patch,line_alt_operator_full,True,0.010719807421346421,,,,,,
classical_strategy,8,15,local_patch,line_x_operator_semi_y,True,0.01808361575488942,,,,,,
classical_strategy,8,15,local_patch,line_y_operator_semi_x,True,0.019645849151531832,,,,,,
classical_strategy,8,15,local_patch,line_alt_operator_alternating,True,0.006392685368539992,,,,,,
extreme_transfer,8,15,local_patch,full,True,,True,0.5121645024254917,,,,
extreme_transfer,8,15,local_patch,semi_x,True,,True,0.2692604429905284,,,,
extreme_transfer,8,15,local_patch,semi_y,True,,True,0.2810928292976816,,,,
extreme_transfer,8,15,local_patch,alternating,True,,True,0.26841517214251576,,,,
safe_fallback,8,15,local_patch,nn_smoother,True,,,,True,0.18895796445924826,0.08168368815931559,0.0
safe_fallback,8,15,local_patch,learned_transfer,True,,,,True,0.18895796445924826,0.1632138731484107,1.0
safe_fallback,8,15,local_patch,combined,True,,,,True,0.18895796445924826,0.15246972521822075,0.0
safe_fallback,8,15,local_patch,adaptive,True,,,,True,0.18895796445924826,0.16646407438091348,0.0
classical_strategy,9,15,channel,jacobi_bilinear_full,True,0.032487696848610643,,,,,,
classical_strategy,9,15,channel,line_x_bilinear_full,True,0.034360896687937965,,,,,,
classical_strategy,9,15,channel,line_y_bilinear_full,True,0.004785975659827722,,,,,,
classical_strategy,9,15,channel,line_alt_bilinear_full,True,0.007486211686830373,,,,,,
classical_strategy,9,15,channel,jacobi_operator_full,True,0.02304263836858649,,,,,,
classical_strategy,9,15,channel,line_alt_operator_full,True,0.004733153903662273,,,,,,
classical_strategy,9,15,channel,line_x_operator_semi_y,True,0.01383583658534002,,,,,,
classical_strategy,9,15,channel,line_y_operator_semi_x,True,0.005862773503775726,,,,,,
classical_strategy,9,15,channel,line_alt_operator_alternating,True,0.005282876227944095,,,,,,
extreme_transfer,9,15,channel,full,True,,True,3.3821525059262716,,,,
extreme_transfer,9,15,channel,semi_x,True,,True,0.7312920647268005,,,,
extreme_transfer,9,15,channel,semi_y,True,,True,0.8183616060327792,,,,
extreme_transfer,9,15,channel,alternating,True,,True,0.8977780249414657,,,,
safe_fallback,9,15,channel,nn_smoother,True,,,,True,0.032487696848610643,0.03237281662696968,1.0
safe_fallback,9,15,channel,learned_transfer,True,,,,True,0.032487696848610643,0.032487696848610643,2.0
safe_fallback,9,15,channel,combined,True,,,,True,0.032487696848610643,0.032487696848610643,2.0
safe_fallback,9,15,channel,adaptive,True,,,,True,0.032487696848610643,0.032487696848610643,2.0
classical_strategy,10,15,channel,jacobi_bilinear_full,True,0.05577477901716197,,,,,,
classical_strategy,10,15,channel,line_x_bilinear_full,True,0.047018430817805996,,,,,,
classical_strategy,10,15,channel,line_y_bilinear_full,True,0.06323576807357728,,,,,,
classical_strategy,10,15,channel,line_alt_bilinear_full,True,0.016461320471587333,,,,,,
classical_strategy,10,15,channel,jacobi_operator_full,True,0.09587618785415357,,,,,,
classical_strategy,10,15,channel,line_alt_operator_full,True,0.01905300838259675,,,,,,
classical_strategy,10,15,channel,line_x_operator_semi_y,True,0.050110256122706205,,,,,,
classical_strategy,10,15,channel,line_y_operator_semi_x,True,0.03901925178162886,,,,,,
classical_strategy,10,15,channel,line_alt_operator_alternating,True,0.008154531841312606,,,,,,
extreme_transfer,10,15,channel,full,True,,True,0.5119424596604951,,,,
extreme_transfer,10,15,channel,semi_x,True,,True,0.24428760001357075,,,,
extreme_transfer,10,15,channel,semi_y,True,,True,0.25024930860652217,,,,
extreme_transfer,10,15,channel,alternating,True,,True,0.25058074075145254,,,,
safe_fallback,10,15,channel,nn_smoother,True,,,,True,0.05577477901716197,0.05091584064023191,0.0
safe_fallback,10,15,channel,learned_transfer,True,,,,True,0.05577477901716197,0.05577477901716197,2.0
safe_fallback,10,15,channel,combined,True,,,,True,0.05577477901716197,0.05577477901716197,2.0
safe_fallback,10,15,channel,adaptive,True,,,,True,0.05577477901716197,0.05577477901716197,2.0
classical_strategy,11,15,local_patch,jacobi_bilinear_full,True,0.24076515076137653,,,,,,
classical_strategy,11,15,local_patch,line_x_bilinear_full,True,0.005439446044648504,,,,,,
classical_strategy,11,15,local_patch,line_y_bilinear_full,True,0.011127200612269704,,,,,,
classical_strategy,11,15,local_patch,line_alt_bilinear_full,True,0.0019257438574021752,,,,,,
classical_strategy,11,15,local_patch,jacobi_operator_full,True,0.1515791231799058,,,,,,
classical_strategy,11,15,local_patch,line_alt_operator_full,True,0.006123402761895441,,,,,,
classical_strategy,11,15,local_patch,line_x_operator_semi_y,True,0.006978038329092765,,,,,,
classical_strategy,11,15,local_patch,line_y_operator_semi_x,True,0.003341254255872208,,,,,,
classical_strategy,11,15,local_patch,line_alt_operator_alternating,True,0.0010951249731041062,,,,,,
extreme_transfer,11,15,local_patch,full,True,,True,0.5394527710352097,,,,
extreme_transfer,11,15,local_patch,semi_x,True,,True,0.29415293796728814,,,,
extreme_transfer,11,15,local_patch,semi_y,True,,True,0.268256478610573,,,,
extreme_transfer,11,15,local_patch,alternating,True,,True,0.2600653816818848,,,,
safe_fallback,11,15,local_patch,nn_smoother,True,,,,True,0.24076515076137653,0.1054773233465739,0.0
safe_fallback,11,15,local_patch,learned_transfer,True,,,,True,0.24076515076137653,0.14488539012705212,0.0
safe_fallback,11,15,local_patch,combined,True,,,,True,0.24076515076137653,0.0702895099345832,0.0
safe_fallback,11,15,local_patch,adaptive,True,,,,True,0.24076515076137653,0.08799886304805707,0.0
